FirstName,LastName,Email,Phone,AccountId
"John","NoEmail1",,555-0101,001KY00000Kd0jSYAR
"Jane","NoEmail2",,555-0102,001KY00000Kd0jSYAR
"Bob","NoEmail3",,555-0103,001KY00000Kd0jVYAR
"Alice","NoEmail4",,555-0104,001KY00000Kd0jVYAR
"Charlie","NoEmail5",,555-0105,001KY00000Kd0jTYAR
"David","NoPhone1",david.nophone@test.com,,001KY00000Kd0jSYAR
"Eve","NoPhone2",eve.nophone@test.com,,001KY00000Kd0jTYAR
"Frank","NoPhone3",frank.nophone@test.com,,001KY00000Kd0jVYAR
"Grace","NoPhone4",grace.nophone@test.com,,001KY00000Kd0jWYAR
"Henry","NoPhone5",henry.nophone@test.com,,001KY00000Kd0jUYAR
"Ivy","NoBoth1",,,001KY00000Kd0jSYAR
"Jack","NoBoth2",,,001KY00000Kd0jTYAR
"Kate","NoBoth3",,,001KY00000Kd0jVYAR
"Leo","NoBoth4",,,001KY00000Kd0jWYAR
"Mia","NoBoth5",,,001KY00000Kd0jUYAR
"Complete","Contact1",complete1@test.com,555-9991,001KY00000Kd0jSYAR
"Complete","Contact2",complete2@test.com,555-9992,001KY00000Kd0jTYAR
"Complete","Contact3",complete3@test.com,555-9993,001KY00000Kd0jVYAR
